-- Migration: 0002_seed.sql
-- Description: Seed sample data

-- Seed Plans
INSERT INTO plans (id, name, category, total_price, renewal_cycle_months, renewal_anchor_date, note, active) VALUES
('plan_1', 'Netflix Premium 4K', 'Netflix', 260000, 1, '2024-01-15', 'Gói gia đình 4 người', 1),
('plan_2', 'Google One 2TB', 'Google', 2250000, 12, '2024-05-01', 'Gói năm', 1),
('plan_3', 'YouTube Premium', 'YouTube', 149000, 1, '2024-03-10', 'Gói gia đình 5 người', 1);

-- Seed Members
INSERT INTO members (id, full_name, email, phone, note, active) VALUES
('mem_1', 'Nguyễn Văn A', 'nguyenvana@example.com', '0901234567', 'Chủ nhà', 1),
('mem_2', 'Trần Thị B', 'tranthib@example.com', '0912345678', 'Bạn đại học', 1),
('mem_3', 'Lê Văn C', 'levanc@example.com', '0923456789', 'Đồng nghiệp', 1),
('mem_4', 'Phạm Thị D', 'phamthid@example.com', '0934567890', 'Em gái', 1),
('mem_5', 'Hoàng Văn E', 'hoangvane@example.com', '0945678901', 'Bạn thân', 1);

-- Seed Subscriptions
-- Token is a 32 char hex string. In production, generated by crypto.
INSERT INTO subscriptions (id, member_id, plan_id, start_date, end_date, next_due_date, amount_due, billing_cycle_months, status, user_token) VALUES
('sub_1', 'mem_1', 'plan_1', '2024-01-15', NULL, '2024-07-15', 65000, 1, 'active', 'a1b2c3d4e5f6a1b2c3d4e5f6a1b2c3d4'),
('sub_2', 'mem_2', 'plan_1', '2024-01-15', NULL, '2024-07-15', 195000, 3, 'active', 'b2c3d4e5f6a1b2c3d4e5f6a1b2c3d4a1'),
('sub_3', 'mem_3', 'plan_2', '2024-05-01', NULL, '2025-05-01', 450000, 12, 'active', 'c3d4e5f6a1b2c3d4e5f6a1b2c3d4a1b2'),
('sub_4', 'mem_4', 'plan_3', '2024-03-10', NULL, '2024-08-10', 89400, 6, 'active', 'd4e5f6a1b2c3d4e5f6a1b2c3d4a1b2c3'),
('sub_5', 'mem_5', 'plan_3', '2024-03-10', NULL, date('now', '+3 days'), 29800, 2, 'active', 'e5f6a1b2c3d4e5f6a1b2c3d4a1b2c3d4');

-- Seed a pending payment request
INSERT INTO payment_requests (id, subscription_id, amount, status, user_note) VALUES
('req_1', 'sub_2', 195000, 'pending', 'Đã chuyển khoản Momo');

-- Seed email logs for testing idempotency
INSERT INTO email_logs (id, subscription_id, email_type, target_date) VALUES
('log_1', 'sub_5', '7_days', date('now', '+3 days'));
